datetime,stage_NP205
2009-01-01 00:00:00,4.96
2009-01-01 01:00:00,4.96
2009-01-01 02:00:00,4.96
2009-01-01 03:00:00,4.96
2009-01-01 04:00:00,4.96
2009-01-01 05:00:00,4.96
2009-01-01 06:00:00,4.96
2009-01-01 07:00:00,4.96
2009-01-01 08:00:00,4.95
2009-01-01 09:00:00,4.95
2009-01-01 10:00:00,4.95
2009-01-01 11:00:00,4.95
2009-01-01 12:00:00,4.95
2009-01-01 13:00:00,4.95
2009-01-01 14:00:00,4.94
2009-01-01 15:00:00,4.94
2009-01-01 16:00:00,4.94
2009-01-01 17:00:00,4.94
2009-01-01 18:00:00,4.94
2009-01-01 19:00:00,4.94
2009-01-01 20:00:00,4.94
2009-01-01 21:00:00,4.94
2009-01-01 22:00:00,4.93
2009-01-01 23:00:00,4.93
2009-01-02 00:00:00,4.93
2009-01-02 01:00:00,4.93
2009-01-02 02:00:00,4.93
2009-01-02 03:00:00,4.93
2009-01-02 04:00:00,4.93
2009-01-02 05:00:00,4.93
2009-01-02 06:00:00,4.93
2009-01-02 07:00:00,4.93
2009-01-02 08:00:00,4.93
2009-01-02 09:00:00,4.93
2009-01-02 10:00:00,4.93
2009-01-02 11:00:00,4.92
2009-01-02 12:00:00,4.92
2009-01-02 13:00:00,4.92
2009-01-02 14:00:00,4.92
2009-01-02 15:00:00,4.92
2009-01-02 16:00:00,4.92
2009-01-02 17:00:00,4.92
2009-01-02 18:00:00,4.92
2009-01-02 19:00:00,4.92
2009-01-02 20:00:00,4.91
2009-01-02 21:00:00,4.91
2009-01-02 22:00:00,4.91
2009-01-02 23:00:00,4.91
2009-01-03 00:00:00,4.91
2009-01-03 01:00:00,4.91
2009-01-03 02:00:00,4.91
2009-01-03 03:00:00,4.91
2009-01-03 04:00:00,4.91
2009-01-03 05:00:00,4.91
2009-01-03 06:00:00,4.91
2009-01-03 07:00:00,4.91
2009-01-03 08:00:00,4.91
2009-01-03 09:00:00,4.91
2009-01-03 10:00:00,4.90
2009-01-03 11:00:00,4.90
2009-01-03 12:00:00,4.90
2009-01-03 13:00:00,4.90
2009-01-03 14:00:00,4.90
2009-01-03 15:00:00,4.90
2009-01-03 16:00:00,4.90
2009-01-03 17:00:00,4.89
2009-01-03 18:00:00,4.89
2009-01-03 19:00:00,4.89
2009-01-03 20:00:00,4.89
2009-01-03 21:00:00,4.89
2009-01-03 22:00:00,4.89
2009-01-03 23:00:00,4.89
2009-01-04 00:00:00,4.89
2009-01-04 01:00:00,4.89
2009-01-04 02:00:00,4.89
2009-01-04 03:00:00,4.89
2009-01-04 04:00:00,4.89
2009-01-04 05:00:00,4.89
2009-01-04 06:00:00,4.89
2009-01-04 07:00:00,4.89
2009-01-04 08:00:00,4.88
2009-01-04 09:00:00,4.88
2009-01-04 10:00:00,4.88
2009-01-04 11:00:00,4.88
2009-01-04 12:00:00,4.88
2009-01-04 13:00:00,4.88
2009-01-04 14:00:00,4.88
2009-01-04 15:00:00,4.88
2009-01-04 16:00:00,4.88
2009-01-04 17:00:00,4.88
2009-01-04 18:00:00,4.88
2009-01-04 19:00:00,4.88
2009-01-04 20:00:00,4.88
2009-01-04 21:00:00,4.88
2009-01-04 22:00:00,4.87
2009-01-04 23:00:00,4.87
2009-01-05 00:00:00,4.87
2009-01-05 01:00:00,4.87
2009-01-05 02:00:00,4.87
2009-01-05 03:00:00,4.87
2009-01-05 04:00:00,4.87
2009-01-05 05:00:00,4.87
2009-01-05 06:00:00,4.87
2009-01-05 07:00:00,4.87
2009-01-05 08:00:00,4.87
2009-01-05 09:00:00,4.87
2009-01-05 10:00:00,4.87
2009-01-05 11:00:00,4.87
2009-01-05 12:00:00,4.87
2009-01-05 13:00:00,4.87
2009-01-05 14:00:00,4.86
2009-01-05 15:00:00,4.86
2009-01-05 16:00:00,4.86
2009-01-05 17:00:00,4.86
2009-01-05 18:00:00,4.86
2009-01-05 19:00:00,4.86
2009-01-05 20:00:00,4.86
2009-01-05 21:00:00,4.86
2009-01-05 22:00:00,4.86
2009-01-05 23:00:00,4.86
2009-01-06 00:00:00,4.86
2009-01-06 01:00:00,4.86
2009-01-06 02:00:00,4.86
2009-01-06 03:00:00,4.85
2009-01-06 04:00:00,4.85
2009-01-06 05:00:00,4.85
2009-01-06 06:00:00,4.85
2009-01-06 07:00:00,4.85
2009-01-06 08:00:00,4.85
2009-01-06 09:00:00,4.85
2009-01-06 10:00:00,4.85
2009-01-06 11:00:00,4.85
2009-01-06 12:00:00,4.85
2009-01-06 13:00:00,4.85
2009-01-06 14:00:00,4.85
2009-01-06 15:00:00,4.84
2009-01-06 16:00:00,4.84
2009-01-06 17:00:00,4.84
2009-01-06 18:00:00,4.84
2009-01-06 19:00:00,4.84
2009-01-06 20:00:00,4.84
2009-01-06 21:00:00,4.84
2009-01-06 22:00:00,4.84
2009-01-06 23:00:00,4.84
2009-01-07 00:00:00,4.84
2009-01-07 01:00:00,4.84
2009-01-07 02:00:00,4.84
2009-01-07 03:00:00,4.84
2009-01-07 04:00:00,4.84
2009-01-07 05:00:00,4.84
2009-01-07 06:00:00,4.84
2009-01-07 07:00:00,4.84
2009-01-07 08:00:00,4.83
2009-01-07 09:00:00,4.83
2009-01-07 10:00:00,4.83
2009-01-07 11:00:00,4.83
2009-01-07 12:00:00,4.83
2009-01-07 13:00:00,4.83
2009-01-07 14:00:00,4.83
2009-01-07 15:00:00,4.83
2009-01-07 16:00:00,4.83
2009-01-07 17:00:00,4.83
2009-01-07 18:00:00,4.82
2009-01-07 19:00:00,4.82
2009-01-07 20:00:00,4.83
2009-01-07 21:00:00,4.83
2009-01-07 22:00:00,4.82
2009-01-07 23:00:00,4.82
2009-01-08 00:00:00,4.82
2009-01-08 01:00:00,4.82
2009-01-08 02:00:00,4.82
2009-01-08 03:00:00,4.82
2009-01-08 04:00:00,4.82
2009-01-08 05:00:00,4.82
2009-01-08 06:00:00,4.82
2009-01-08 07:00:00,4.82
2009-01-08 08:00:00,4.82
2009-01-08 09:00:00,4.82
2009-01-08 10:00:00,4.82
2009-01-08 11:00:00,4.82
2009-01-08 12:00:00,4.82
2009-01-08 13:00:00,4.82
2009-01-08 14:00:00,4.81
2009-01-08 15:00:00,4.81
2009-01-08 16:00:00,4.81
2009-01-08 17:00:00,4.81
2009-01-08 18:00:00,4.81
2009-01-08 19:00:00,4.81
2009-01-08 20:00:00,4.81
2009-01-08 21:00:00,4.81
2009-01-08 22:00:00,4.81
2009-01-08 23:00:00,4.81
2009-01-09 00:00:00,4.81
2009-01-09 01:00:00,4.81
2009-01-09 02:00:00,4.81
2009-01-09 03:00:00,4.81
2009-01-09 04:00:00,4.80
2009-01-09 05:00:00,4.80
2009-01-09 06:00:00,4.80
2009-01-09 07:00:00,4.80
2009-01-09 08:00:00,4.80
2009-01-09 09:00:00,4.80
2009-01-09 10:00:00,4.80
2009-01-09 11:00:00,4.80
2009-01-09 12:00:00,4.80
2009-01-09 13:00:00,4.80
2009-01-09 14:00:00,4.79
2009-01-09 15:00:00,4.79
2009-01-09 16:00:00,4.79
2009-01-09 17:00:00,4.79
2009-01-09 18:00:00,4.79
2009-01-09 19:00:00,4.79
2009-01-09 20:00:00,4.79
2009-01-09 21:00:00,4.79
2009-01-09 22:00:00,4.79
2009-01-09 23:00:00,4.79
2009-01-10 00:00:00,4.79
2009-01-10 01:00:00,4.79
2009-01-10 02:00:00,4.79
2009-01-10 03:00:00,4.79
2009-01-10 04:00:00,4.79
2009-01-10 05:00:00,4.79
2009-01-10 06:00:00,4.79
2009-01-10 07:00:00,4.79
2009-01-10 08:00:00,4.79
2009-01-10 09:00:00,4.78
2009-01-10 10:00:00,4.78
2009-01-10 11:00:00,4.78
2009-01-10 12:00:00,4.78
2009-01-10 13:00:00,4.78
2009-01-10 14:00:00,4.78
2009-01-10 15:00:00,4.78
2009-01-10 16:00:00,4.78
2009-01-10 17:00:00,4.78
2009-01-10 18:00:00,4.77
2009-01-10 19:00:00,4.77
2009-01-10 20:00:00,4.77
2009-01-10 21:00:00,4.77
2009-01-10 22:00:00,4.77
2009-01-10 23:00:00,4.77
2009-01-11 00:00:00,4.77
2009-01-11 01:00:00,4.77
2009-01-11 02:00:00,4.77
2009-01-11 03:00:00,4.77
2009-01-11 04:00:00,4.77
2009-01-11 05:00:00,4.77
2009-01-11 06:00:00,4.77
2009-01-11 07:00:00,4.77
2009-01-11 08:00:00,4.77
2009-01-11 09:00:00,4.77
2009-01-11 10:00:00,4.77
2009-01-11 11:00:00,4.77
2009-01-11 12:00:00,4.77
2009-01-11 13:00:00,4.77
2009-01-11 14:00:00,4.77
2009-01-11 15:00:00,4.76
2009-01-11 16:00:00,4.76
2009-01-11 17:00:00,4.76
2009-01-11 18:00:00,4.76
2009-01-11 19:00:00,4.76
2009-01-11 20:00:00,4.76
2009-01-11 21:00:00,4.76
2009-01-11 22:00:00,4.76
2009-01-11 23:00:00,4.76
2009-01-12 00:00:00,4.76
2009-01-12 01:00:00,4.76
2009-01-12 02:00:00,4.76
2009-01-12 03:00:00,4.76
2009-01-12 04:00:00,4.76
2009-01-12 05:00:00,4.76
2009-01-12 06:00:00,4.76
2009-01-12 07:00:00,4.76
2009-01-12 08:00:00,4.76
2009-01-12 09:00:00,4.76
2009-01-12 10:00:00,4.75
2009-01-12 11:00:00,4.75
2009-01-12 12:00:00,4.75
2009-01-24 03:00:00,4.62
2009-01-24 04:00:00,4.62
2009-01-24 05:00:00,4.62
2009-01-24 06:00:00,4.62
2009-01-24 07:00:00,4.62
2009-01-24 08:00:00,4.62
2009-01-24 09:00:00,4.62
2009-01-24 10:00:00,4.62
2009-01-24 11:00:00,4.62
2009-01-24 12:00:00,4.62
2009-01-24 13:00:00,4.62
2009-01-24 14:00:00,4.61
2009-01-24 15:00:00,4.61
2009-01-24 16:00:00,4.61
2009-01-24 17:00:00,4.61
2009-01-24 18:00:00,4.61
2009-01-24 19:00:00,4.61
2009-01-24 20:00:00,4.61
2009-01-24 21:00:00,4.61
2009-01-24 22:00:00,4.61
2009-01-24 23:00:00,4.61
2009-01-25 00:00:00,4.61
2009-01-25 01:00:00,4.61
2009-01-25 02:00:00,4.61
2009-01-25 03:00:00,4.61
2009-01-25 04:00:00,4.61
2009-01-25 05:00:00,4.60
2009-01-25 06:00:00,4.60
2009-01-25 07:00:00,4.60
2009-01-25 08:00:00,4.60
2009-01-25 09:00:00,4.60
2009-01-25 10:00:00,4.60
2009-01-25 11:00:00,4.60
2009-01-25 12:00:00,4.60
2009-01-25 13:00:00,4.60
2009-01-25 14:00:00,4.59
2009-01-25 15:00:00,4.59
2009-01-25 16:00:00,4.59
2009-01-25 17:00:00,4.59
2009-01-25 18:00:00,4.59
2009-01-25 19:00:00,4.59
2009-01-25 20:00:00,4.59
2009-01-25 21:00:00,4.59
2009-01-25 22:00:00,4.59
2009-01-25 23:00:00,4.59
2009-01-26 00:00:00,4.59
2009-01-26 01:00:00,4.59
2009-01-26 02:00:00,4.58
2009-01-26 03:00:00,4.58
2009-01-26 04:00:00,4.58
2009-01-26 05:00:00,4.58
2009-01-26 06:00:00,4.58
2009-01-26 07:00:00,4.58
2009-01-26 08:00:00,4.58
2009-01-26 09:00:00,4.58
2009-01-26 10:00:00,4.58
2009-01-26 11:00:00,4.58
2009-01-26 12:00:00,4.58
2009-01-26 13:00:00,4.58
2009-01-26 14:00:00,4.57
2009-01-26 15:00:00,4.57
2009-01-26 16:00:00,4.57
2009-01-26 17:00:00,4.57
2009-01-26 18:00:00,4.57
2009-01-26 19:00:00,4.57
2009-01-26 20:00:00,4.57
2009-01-26 21:00:00,4.57
2009-01-26 22:00:00,4.57
2009-01-26 23:00:00,4.56
2009-01-27 00:00:00,4.56
2009-01-27 01:00:00,4.56
2009-01-27 02:00:00,4.56
2009-01-27 03:00:00,4.56
2009-01-27 04:00:00,4.56
2009-01-27 05:00:00,4.56
2009-01-27 06:00:00,4.56
2009-01-27 07:00:00,4.56
2009-01-27 08:00:00,4.56
2009-01-27 09:00:00,4.56
2009-01-27 10:00:00,4.56
2009-01-27 11:00:00,4.56
2009-01-27 12:00:00,4.56
2009-01-27 13:00:00,4.55
2009-01-27 14:00:00,4.55
2009-01-27 15:00:00,4.55
2009-01-27 16:00:00,4.55
2009-01-27 17:00:00,4.55
2009-01-27 18:00:00,4.54
2009-01-27 19:00:00,4.54
2009-01-27 20:00:00,4.54
2009-01-27 21:00:00,4.54
2009-01-27 22:00:00,4.54
2009-01-27 23:00:00,4.54
2009-01-28 00:00:00,4.54
2009-01-28 01:00:00,4.54
2009-01-28 02:00:00,4.54
2009-01-28 03:00:00,4.54
2009-01-28 04:00:00,4.54
2009-01-28 05:00:00,4.54
2009-01-28 06:00:00,4.54
2009-01-28 07:00:00,4.54
2009-01-28 08:00:00,4.54
2009-01-28 09:00:00,4.54
2009-01-28 10:00:00,4.54
2009-01-28 11:00:00,4.54
2009-01-28 12:00:00,4.54
2009-01-28 13:00:00,4.53
2009-01-28 14:00:00,4.53
2009-01-28 15:00:00,4.53
2009-01-28 16:00:00,4.53
2009-01-28 17:00:00,4.53
2009-01-28 18:00:00,4.53
2009-01-28 19:00:00,4.53
2009-01-28 20:00:00,4.53
2009-01-28 21:00:00,4.53
2009-01-28 22:00:00,4.53
2009-01-28 23:00:00,4.53
2009-01-29 00:00:00,4.52
2009-01-29 01:00:00,4.52
2009-01-29 02:00:00,4.52
2009-01-29 03:00:00,4.52
2009-01-29 04:00:00,4.52
2009-01-29 05:00:00,4.52
2009-01-29 06:00:00,4.52
2009-01-29 07:00:00,4.52
2009-01-29 08:00:00,4.52
2009-01-29 09:00:00,4.52
2009-01-29 10:00:00,4.52
2009-01-29 11:00:00,4.52
2009-01-29 12:00:00,4.52
2009-01-29 13:00:00,4.52
2009-01-29 14:00:00,4.51
2009-01-29 15:00:00,4.51
2009-01-29 16:00:00,4.51
2009-01-29 17:00:00,4.51
2009-01-29 18:00:00,4.51
2009-01-29 19:00:00,4.51
2009-01-29 20:00:00,4.51
2009-01-29 21:00:00,4.51
2009-01-29 22:00:00,4.50
2009-01-29 23:00:00,4.50
2009-01-30 00:00:00,4.50
2009-01-30 01:00:00,4.50
2009-01-30 02:00:00,4.50
2009-01-30 03:00:00,4.50
2009-01-30 04:00:00,4.50
2009-01-30 05:00:00,4.50
2009-01-30 06:00:00,4.50
2009-01-30 07:00:00,4.50
2009-01-30 08:00:00,4.50
2009-01-30 09:00:00,4.50
2009-01-30 10:00:00,4.50
2009-01-30 11:00:00,4.50
2009-01-30 12:00:00,4.50
2009-01-30 13:00:00,4.50
2009-01-30 14:00:00,4.50
2009-01-30 15:00:00,4.50
2009-01-30 16:00:00,4.50
2009-01-30 17:00:00,4.50
2009-01-30 18:00:00,4.50
2009-01-30 19:00:00,4.50
2009-01-30 20:00:00,4.50
2009-01-30 21:00:00,4.50
2009-01-30 22:00:00,4.49
2009-01-30 23:00:00,4.49
2009-01-31 00:00:00,4.49
2009-01-31 01:00:00,4.49
2009-01-31 02:00:00,4.49
2009-01-31 03:00:00,4.49
2009-01-31 04:00:00,4.49
2009-01-31 05:00:00,4.49
2009-01-31 06:00:00,4.49
2009-01-31 07:00:00,4.49
2009-01-31 08:00:00,4.49
2009-01-31 09:00:00,4.48
2009-01-31 10:00:00,4.48
2009-01-31 11:00:00,4.48
2009-01-31 12:00:00,4.48
2009-01-31 13:00:00,4.47
2009-01-31 14:00:00,4.47
2009-01-31 15:00:00,4.47
2009-01-31 16:00:00,4.46
2009-01-31 17:00:00,4.46
2009-01-31 18:00:00,4.46
2009-01-31 19:00:00,4.46
2009-01-31 20:00:00,4.46
2009-01-31 21:00:00,4.46
2009-01-31 22:00:00,4.46
2009-01-31 23:00:00,4.45
2009-02-01 00:00:00,4.45
2009-02-01 01:00:00,4.45
2009-02-01 02:00:00,4.45
2009-02-01 03:00:00,4.45
2009-02-01 04:00:00,4.45
2009-02-01 05:00:00,4.45
2009-02-01 06:00:00,4.45
2009-02-01 07:00:00,4.45
2009-02-01 08:00:00,4.45
2009-02-01 09:00:00,4.45
2009-02-01 10:00:00,4.44
2009-02-01 11:00:00,4.44
2009-02-01 12:00:00,4.44
2009-02-01 13:00:00,4.44
2009-02-01 14:00:00,4.43
2009-02-01 15:00:00,4.43
2009-02-01 16:00:00,4.43
2009-02-01 17:00:00,4.43
2009-02-01 18:00:00,4.43
2009-02-01 19:00:00,4.42
2009-02-01 20:00:00,4.42
2009-02-01 21:00:00,4.42
2009-02-01 22:00:00,4.42
2009-02-01 23:00:00,4.42
2009-02-02 00:00:00,4.42
2009-02-02 01:00:00,4.42
2009-02-02 02:00:00,4.42
2009-02-02 03:00:00,4.42
2009-02-02 04:00:00,4.42
2009-02-02 05:00:00,4.42
2009-02-02 06:00:00,4.42
2009-02-02 07:00:00,4.42
2009-02-02 08:00:00,4.42
2009-02-02 09:00:00,4.42
2009-02-02 10:00:00,4.42
2009-02-02 11:00:00,4.41
2009-02-02 12:00:00,4.41
2009-02-02 13:00:00,4.41
2009-02-02 14:00:00,4.41
2009-02-02 15:00:00,4.41
2009-02-02 16:00:00,4.41
2009-02-02 17:00:00,4.41
2009-02-02 18:00:00,4.40
2009-02-02 19:00:00,4.41
2009-02-02 20:00:00,4.43
2009-02-02 21:00:00,4.44
2009-02-02 22:00:00,4.44
2009-02-02 23:00:00,4.45
2009-02-03 00:00:00,4.45
2009-02-03 01:00:00,4.45
2009-02-03 02:00:00,4.45
2009-02-03 03:00:00,4.45
2009-02-03 04:00:00,4.45
2009-02-03 05:00:00,4.45
2009-02-03 06:00:00,4.45
2009-02-03 07:00:00,4.45
2009-02-03 08:00:00,4.45
2009-02-03 09:00:00,4.45
2009-02-03 10:00:00,4.45
2009-02-03 11:00:00,4.45
2009-02-03 12:00:00,4.45
2009-02-03 13:00:00,4.45
2009-02-03 14:00:00,4.44
2009-02-03 15:00:00,4.44
2009-02-03 16:00:00,4.44
2009-02-03 17:00:00,4.43
2009-02-03 18:00:00,4.43
2009-02-03 19:00:00,4.43
2009-02-03 20:00:00,4.43
2009-02-03 21:00:00,4.43
2009-02-03 22:00:00,4.42
2009-02-03 23:00:00,4.42
2009-02-04 00:00:00,4.42
2009-02-04 01:00:00,4.42
2009-02-04 02:00:00,4.42
2009-02-04 03:00:00,4.42
2009-02-04 04:00:00,4.42
2009-02-04 05:00:00,4.42
2009-02-04 06:00:00,4.41
2009-02-04 07:00:00,4.41
2009-02-04 08:00:00,4.41
2009-02-04 09:00:00,4.41
2009-02-04 10:00:00,4.41
2009-02-04 11:00:00,4.41
2009-02-04 12:00:00,4.40
2009-02-04 13:00:00,4.40
2009-02-04 14:00:00,4.40
2009-02-04 15:00:00,4.39
2009-02-04 16:00:00,4.39
2000-03-29 16:00:00,3.20
2000-03-29 17:00:00,3.19
2000-03-29 18:00:00,3.19
2000-03-29 19:00:00,3.19
2000-03-29 20:00:00,3.19
2000-03-29 21:00:00,3.19
2000-03-29 22:00:00,3.19
2000-03-29 23:00:00,3.18
2000-03-30 00:00:00,3.18
2000-03-30 01:00:00,3.18
2000-03-30 02:00:00,3.18
2000-03-30 03:00:00,3.17
2000-03-30 04:00:00,3.18
2000-03-30 05:00:00,3.17
2000-03-30 06:00:00,3.17
2000-03-30 07:00:00,3.17
2000-03-30 08:00:00,3.17
2000-03-30 09:00:00,3.17
2000-03-30 10:00:00,3.17
2000-03-30 11:00:00,3.17
2000-03-30 12:00:00,3.16
2000-03-30 13:00:00,3.16
2000-03-30 14:00:00,3.15
2000-03-30 15:00:00,3.15
2000-03-30 16:00:00,3.14
2000-03-30 17:00:00,3.14
2000-03-30 18:00:00,3.13
2000-03-30 19:00:00,3.12
2000-03-30 20:00:00,3.12
2000-03-30 21:00:00,3.12
2000-03-30 22:00:00,3.12
2000-03-30 23:00:00,3.11
2000-03-31 00:00:00,3.11
2000-03-31 01:00:00,3.11
2000-03-31 02:00:00,3.11
2000-03-31 03:00:00,3.11
2000-03-31 04:00:00,3.11
2000-03-31 05:00:00,3.11
2000-03-31 06:00:00,3.11
2000-03-31 07:00:00,3.10
2000-03-31 08:00:00,3.10
2000-03-31 09:00:00,3.10
2000-03-31 10:00:00,3.10
2000-03-31 11:00:00,3.10
2000-03-31 12:00:00,3.10
2000-03-31 13:00:00,3.09
2000-03-31 14:00:00,3.09
2000-03-31 15:00:00,3.08
2000-03-31 16:00:00,3.08
2000-03-31 17:00:00,3.07
2000-03-31 18:00:00,3.07
2000-03-31 19:00:00,3.07
2000-03-31 20:00:00,3.06
2000-03-31 21:00:00,3.06
2000-03-31 22:00:00,3.06
2000-03-31 23:00:00,3.06
2000-04-01 00:00:00,3.06
2000-04-01 01:00:00,3.06
2000-04-01 02:00:00,3.06
2000-04-01 03:00:00,3.05
2000-04-01 04:00:00,3.05
2000-04-01 05:00:00,3.05
2000-04-01 06:00:00,3.05
2000-04-01 07:00:00,3.05
2000-04-01 08:00:00,3.05
2000-04-01 09:00:00,3.04
2000-04-01 10:00:00,3.04
2000-04-01 11:00:00,3.04
2000-04-01 12:00:00,3.04
2000-04-01 13:00:00,3.04
2000-04-01 14:00:00,3.03
2000-04-01 15:00:00,3.03
2000-04-01 16:00:00,3.02
2000-04-01 17:00:00,3.02
2000-04-01 18:00:00,3.01
2000-04-01 19:00:00,3.01
2000-04-01 20:00:00,3.01
2000-04-01 21:00:00,3.00
2000-04-01 22:00:00,3.00
2000-04-01 23:00:00,3.00
2000-04-02 00:00:00,2.99
2000-04-02 01:00:00,2.99
2000-04-02 02:00:00,2.99
2000-04-02 03:00:00,2.99
2000-04-02 04:00:00,2.99
2000-04-02 05:00:00,2.99
2000-04-02 06:00:00,2.99
2000-04-02 07:00:00,2.99
2000-04-02 08:00:00,2.98
2000-04-02 09:00:00,2.98
2000-04-02 10:00:00,2.98
2000-04-02 11:00:00,2.97
2000-04-02 12:00:00,2.97
2000-04-02 13:00:00,2.97
2000-04-02 14:00:00,2.96
2000-04-02 15:00:00,2.96
2000-04-02 16:00:00,2.95
2000-04-02 17:00:00,2.95
2000-04-02 18:00:00,2.94
2000-04-02 19:00:00,2.94
2000-04-02 20:00:00,2.94
2000-04-02 21:00:00,2.93
2000-04-02 22:00:00,2.93
2000-04-02 23:00:00,2.93
2000-04-03 00:00:00,2.93
2000-04-03 01:00:00,2.93
2000-04-03 02:00:00,2.92
2000-04-03 03:00:00,2.92
2000-04-03 04:00:00,2.92
2000-04-03 05:00:00,2.92
2000-04-03 06:00:00,2.92
2000-04-03 07:00:00,2.92
2000-04-03 08:00:00,2.92
2000-04-03 09:00:00,2.91
2000-04-03 10:00:00,2.91
2000-04-03 11:00:00,2.91
2000-04-03 12:00:00,2.91
2000-04-03 13:00:00,2.90
2000-04-03 14:00:00,2.90
2000-04-03 15:00:00,2.89
2000-04-03 16:00:00,2.89
2000-04-03 17:00:00,2.89
2000-04-03 18:00:00,2.88
2000-04-03 19:00:00,2.88
2000-04-03 20:00:00,2.88
2000-04-03 21:00:00,2.87
2000-04-03 22:00:00,2.87
2000-04-03 23:00:00,2.87
2000-04-04 00:00:00,2.87
2000-04-04 01:00:00,2.86
2000-04-04 02:00:00,2.86
2000-04-04 03:00:00,2.86
2000-04-04 04:00:00,2.86
2000-04-04 05:00:00,2.86
2000-04-04 06:00:00,2.86
2000-04-04 07:00:00,2.86
2000-04-04 08:00:00,2.86
2000-04-04 09:00:00,2.85
2000-04-04 10:00:00,2.85
2000-04-04 11:00:00,2.85
2000-04-04 12:00:00,2.85
2000-04-04 13:00:00,2.85
2000-04-04 14:00:00,2.84
2000-04-04 15:00:00,2.84
2000-04-04 16:00:00,2.83
2000-04-04 17:00:00,2.83
2000-04-04 18:00:00,2.83
2000-04-04 19:00:00,2.82
2000-04-04 20:00:00,2.82
2000-04-04 21:00:00,2.82
2000-04-04 22:00:00,2.82
2000-04-04 23:00:00,2.81
2000-04-05 00:00:00,2.81
2000-04-05 01:00:00,2.81
2000-04-05 02:00:00,2.81
2000-04-05 03:00:00,2.81
2000-04-05 04:00:00,2.81
2000-04-05 05:00:00,2.80
2000-04-05 06:00:00,2.80
2000-04-05 07:00:00,2.80
2000-04-05 08:00:00,2.79
2000-04-05 09:00:00,2.79
2000-04-05 10:00:00,2.79
2000-04-05 11:00:00,2.78
2000-04-05 12:00:00,2.78
2000-04-05 13:00:00,2.78
2000-04-05 14:00:00,2.77
2000-04-05 15:00:00,2.77
2000-04-05 16:00:00,2.76
2000-04-05 17:00:00,2.76
2000-04-05 18:00:00,2.75
2000-04-05 19:00:00,2.75
2000-04-05 20:00:00,2.75
2000-04-05 21:00:00,2.75
2000-04-05 22:00:00,2.75
2000-04-05 23:00:00,2.74
2000-04-06 00:00:00,2.74
2000-04-06 01:00:00,2.73
2000-04-06 02:00:00,2.73
2000-04-06 03:00:00,2.73
2000-04-06 04:00:00,2.73
2000-04-06 05:00:00,2.73
2000-04-06 06:00:00,2.73
2000-04-06 07:00:00,2.73
2000-04-06 08:00:00,2.72
2000-04-06 09:00:00,2.72
2000-04-06 10:00:00,2.72
2000-04-06 11:00:00,2.71
2000-04-06 12:00:00,2.71
2000-04-06 13:00:00,2.71
2000-04-06 14:00:00,2.70
2000-04-06 15:00:00,2.70
2000-04-06 16:00:00,2.69
2000-04-06 17:00:00,2.69
2000-04-06 18:00:00,2.69
2000-04-06 19:00:00,2.69
2000-04-06 20:00:00,2.68
2000-04-06 21:00:00,2.68
2000-04-06 22:00:00,2.68
2000-04-06 23:00:00,2.68
2000-04-07 00:00:00,2.67
2000-04-07 01:00:00,2.67
2000-04-07 02:00:00,2.67
2000-04-07 03:00:00,2.67
2000-04-07 04:00:00,2.66
2000-04-07 05:00:00,2.66
2000-04-07 06:00:00,2.66
2000-04-07 07:00:00,2.66
2000-04-07 08:00:00,2.65
2000-04-07 09:00:00,2.65
2000-04-07 10:00:00,2.65
2000-04-07 11:00:00,2.65
2000-04-07 12:00:00,2.65
2000-04-07 13:00:00,2.64
2000-04-07 14:00:00,2.64
2000-04-07 15:00:00,2.63
2000-04-07 16:00:00,2.63
2000-04-07 17:00:00,2.63
2000-04-07 18:00:00,2.63
2000-04-07 19:00:00,2.62
2000-04-07 20:00:00,2.62
2000-04-07 21:00:00,2.62
2000-04-07 22:00:00,2.62
2000-04-07 23:00:00,2.61
2000-04-08 00:00:00,2.61
2000-04-08 01:00:00,2.61
2000-04-08 02:00:00,2.61
2000-04-08 03:00:00,2.61
2000-04-08 04:00:00,2.61
2000-04-08 05:00:00,2.61
2000-04-08 06:00:00,2.60
2000-04-08 07:00:00,2.60
2000-04-08 08:00:00,2.60
2000-04-08 09:00:00,2.60
2000-04-08 10:00:00,2.60
2000-04-08 11:00:00,2.60
2000-04-08 12:00:00,2.60
2000-04-08 13:00:00,2.59
2000-04-08 14:00:00,2.59
2000-04-08 15:00:00,2.59
2000-04-08 16:00:00,2.58
2000-04-08 17:00:00,2.58
2000-04-08 18:00:00,2.57
2000-04-08 19:00:00,2.57
2000-04-08 20:00:00,2.57
2000-04-08 21:00:00,2.57
2000-04-08 22:00:00,2.57
2000-04-08 23:00:00,2.57
2000-04-09 00:00:00,2.57
2000-04-09 01:00:00,2.56
2000-04-09 02:00:00,2.56
2000-04-09 03:00:00,2.56
2000-04-09 04:00:00,2.55
2000-04-09 05:00:00,2.55
2000-04-09 06:00:00,2.55
2000-04-09 07:00:00,2.55
2000-04-09 08:00:00,2.55
2000-04-09 09:00:00,2.54
2000-04-09 10:00:00,2.54
2000-04-09 11:00:00,2.53
2000-04-09 12:00:00,2.53
2000-04-09 13:00:00,2.53
2000-04-09 14:00:00,2.52
2000-04-09 15:00:00,2.52
2000-04-09 16:00:00,2.51
2000-04-09 17:00:00,2.51
2000-04-09 18:00:00,2.51
2000-04-09 19:00:00,2.50
2000-04-09 20:00:00,2.50
2000-04-09 21:00:00,2.49
2000-04-09 22:00:00,2.49
2000-04-09 23:00:00,2.49
2000-04-10 00:00:00,2.49
2000-04-10 01:00:00,2.49
2000-04-10 02:00:00,2.48
2000-04-10 03:00:00,2.48
2000-04-10 04:00:00,2.48
2000-04-10 05:00:00,2.48
2000-04-10 06:00:00,2.48
2000-04-10 07:00:00,2.48
2000-04-10 08:00:00,2.48
2000-04-10 09:00:00,2.47
2000-04-10 10:00:00,2.47
2000-04-10 11:00:00,2.47
2000-04-10 12:00:00,2.47
2000-04-10 13:00:00,2.46
2000-04-10 14:00:00,2.46
2000-04-10 15:00:00,2.45
2000-04-10 16:00:00,2.45
2000-04-10 17:00:00,2.44
2000-04-10 18:00:00,2.44
2000-04-10 19:00:00,2.44
2000-04-10 20:00:00,2.44
2000-04-10 21:00:00,2.44
2000-04-10 22:00:00,2.43
2000-04-10 23:00:00,2.43
2000-04-11 00:00:00,2.43
2000-04-11 01:00:00,2.43
2000-04-11 02:00:00,2.43
2000-04-11 03:00:00,2.42
2000-04-11 04:00:00,2.42
2000-04-11 05:00:00,2.42
2000-04-11 06:00:00,2.42
2000-04-11 07:00:00,2.42
2000-04-11 08:00:00,2.41
2000-04-11 09:00:00,2.41
2000-04-11 10:00:00,2.41
2000-04-11 11:00:00,2.41
2000-04-11 12:00:00,2.40
2000-04-11 13:00:00,2.40
2000-04-11 14:00:00,2.39
2000-04-11 15:00:00,2.39
2000-04-11 16:00:00,2.39
2000-04-11 17:00:00,2.38
2000-04-11 18:00:00,2.38
2000-04-11 19:00:00,2.38
2000-04-11 20:00:00,2.37
2000-04-11 21:00:00,2.37
2000-04-11 22:00:00,2.37
2000-04-11 23:00:00,2.37
2000-04-12 00:00:00,2.37
2000-04-12 01:00:00,2.36
2000-04-12 02:00:00,2.36
2000-04-12 03:00:00,2.36
2000-04-12 04:00:00,2.36
2000-04-12 05:00:00,2.36
2000-04-12 06:00:00,2.36
2000-04-12 07:00:00,2.36
2000-04-12 08:00:00,2.36
2000-04-12 09:00:00,2.35
2000-04-12 10:00:00,2.35
2000-04-12 11:00:00,2.35
2000-04-12 12:00:00,2.35
2000-04-12 13:00:00,2.35
2000-04-12 14:00:00,2.34
2000-04-12 15:00:00,2.34
2000-04-12 16:00:00,2.34
2000-04-12 17:00:00,2.34
2000-04-12 18:00:00,2.34
2000-04-12 19:00:00,2.34
2000-04-12 20:00:00,2.33
2000-04-12 21:00:00,2.33
2000-04-12 22:00:00,2.33
2000-04-12 23:00:00,2.33
2000-04-13 00:00:00,2.33
2000-04-13 01:00:00,2.33
2000-04-13 02:00:00,2.33
2000-04-13 03:00:00,2.33
2000-04-13 04:00:00,2.32
2000-04-13 05:00:00,2.32
2000-04-13 06:00:00,2.32
2000-04-13 07:00:00,2.32
2000-04-13 08:00:00,2.33
2000-04-13 09:00:00,2.32
2000-04-13 10:00:00,2.31
2000-04-13 11:00:00,2.31
2000-04-13 12:00:00,2.31
2000-04-13 13:00:00,2.31
2000-04-13 14:00:00,2.31
2000-04-13 15:00:00,2.31
2000-04-13 16:00:00,2.37
2000-04-13 17:00:00,2.47
2000-04-13 18:00:00,2.62
2000-04-13 19:00:00,2.77
2000-04-13 20:00:00,2.89
2000-04-13 21:00:00,2.98
2000-04-13 22:00:00,3.05
2000-04-13 23:00:00,3.10
2000-04-14 00:00:00,3.14
2000-04-14 01:00:00,3.17
2000-04-14 02:00:00,3.20
2000-04-14 03:00:00,3.22
2000-04-14 04:00:00,3.24
2000-04-14 05:00:00,3.26
2000-04-14 06:00:00,3.28
2000-04-14 07:00:00,3.29
2000-04-14 08:00:00,3.31
2000-04-14 09:00:00,3.33
2000-04-14 10:00:00,3.51
2000-04-14 11:00:00,3.93
2000-04-14 12:00:00,4.20
2000-04-14 13:00:00,4.36
2000-04-14 14:00:00,4.49
2000-04-14 15:00:00,4.55
2000-04-14 16:00:00,4.57
2000-04-14 17:00:00,4.57
2000-04-14 18:00:00,4.58
2000-04-14 19:00:00,4.58
2000-04-14 20:00:00,4.58
2000-04-14 21:00:00,4.58
2000-04-14 22:00:00,4.58
2000-04-14 23:00:00,4.58
2000-04-15 00:00:00,4.58
2000-04-15 01:00:00,4.58
2000-04-15 02:00:00,4.59
2000-04-15 03:00:00,4.59
2000-04-15 04:00:00,4.59
2000-04-15 05:00:00,4.59
2000-04-15 06:00:00,4.59
2000-04-15 07:00:00,4.59
2000-04-15 08:00:00,4.59
2000-04-15 09:00:00,4.59
2000-04-15 10:00:00,4.59
2000-04-15 11:00:00,4.59
2000-04-15 12:00:00,4.58
2000-04-15 13:00:00,4.58
2000-04-15 14:00:00,4.58
2000-04-15 15:00:00,4.58
2000-04-15 16:00:00,4.58
2000-04-15 17:00:00,4.57
2000-04-15 18:00:00,4.57
2000-04-15 19:00:00,4.57
2000-04-15 20:00:00,4.57
2000-04-15 21:00:00,4.57
2000-04-15 22:00:00,4.57
2000-04-15 23:00:00,4.57
2000-04-16 00:00:00,4.57
2000-04-16 01:00:00,4.57
2000-04-16 02:00:00,4.57
2000-04-16 03:00:00,4.57
2000-04-16 04:00:00,4.57
2000-04-16 05:00:00,4.57
2000-04-16 06:00:00,4.57
2000-04-16 07:00:00,4.57
2000-04-16 08:00:00,4.56
2000-04-16 09:00:00,4.56
2000-04-16 10:00:00,4.56
2000-04-16 11:00:00,4.56
2000-04-16 12:00:00,4.56
2000-04-16 13:00:00,4.56
2000-04-16 14:00:00,4.56
2000-04-16 15:00:00,4.55
2000-04-16 16:00:00,4.55
2000-04-16 17:00:00,4.55
2000-04-16 18:00:00,4.55
2000-04-16 19:00:00,4.55
2000-04-16 20:00:00,4.55
2000-04-16 21:00:00,4.55
2000-04-16 22:00:00,4.55
2000-04-16 23:00:00,4.55
2000-04-17 00:00:00,4.55
2000-04-17 01:00:00,4.55
2000-04-17 02:00:00,4.55
2000-04-17 03:00:00,4.55
2000-04-17 04:00:00,4.55
2000-04-17 05:00:00,4.54
2000-04-17 06:00:00,4.54
2000-04-17 07:00:00,4.54
2000-04-17 08:00:00,4.54
2000-04-17 09:00:00,4.54
2000-04-17 10:00:00,4.54
2000-04-17 11:00:00,4.54
2000-04-17 12:00:00,4.54
2000-04-17 13:00:00,4.54
2000-04-17 14:00:00,4.53
2000-04-17 15:00:00,4.53
2000-04-17 16:00:00,4.52
2000-04-17 17:00:00,4.52
2000-04-17 18:00:00,4.52
2000-04-17 19:00:00,4.52
2000-04-17 20:00:00,4.51
2000-04-17 21:00:00,4.51
2000-04-17 22:00:00,4.51
2000-04-17 23:00:00,4.51
2000-04-18 00:00:00,4.51
2000-04-18 01:00:00,4.51
2000-04-18 02:00:00,4.51
2000-04-18 03:00:00,4.51
2000-04-18 04:00:00,4.51
2000-04-18 05:00:00,4.51
2000-04-18 06:00:00,4.51
2000-04-18 07:00:00,4.51
2000-04-18 08:00:00,4.51
2000-04-18 09:00:00,4.51
2000-04-18 10:00:00,4.50
2000-04-18 11:00:00,4.50
2000-04-18 12:00:00,4.50
2000-04-18 13:00:00,4.50
2000-04-18 14:00:00,4.49
2000-04-18 15:00:00,4.49
2000-04-18 16:00:00,4.48
2000-04-18 17:00:00,4.48
2000-04-18 18:00:00,4.48
2000-04-18 19:00:00,4.47
2000-04-18 20:00:00,4.47
2000-04-18 21:00:00,4.47
2000-04-18 22:00:00,4.47
2000-04-18 23:00:00,4.47
2000-04-19 00:00:00,4.47
2000-04-19 01:00:00,4.47
2000-04-19 02:00:00,4.47
2000-04-19 03:00:00,4.47
2000-04-19 04:00:00,4.47
2000-04-19 05:00:00,4.47
2000-04-19 06:00:00,4.47
2000-04-19 07:00:00,4.47
2000-04-19 08:00:00,4.47
2000-04-19 09:00:00,4.47
2000-04-19 10:00:00,4.46
2000-04-19 11:00:00,4.46
2000-04-19 12:00:00,4.46
2000-04-19 13:00:00,4.46
2000-04-19 14:00:00,4.45
2000-04-19 15:00:00,4.45
2000-04-19 16:00:00,4.45
2000-04-19 17:00:00,4.44
2000-04-19 18:00:00,4.44
2000-04-19 19:00:00,4.44
2000-04-19 20:00:00,4.44
2000-04-19 21:00:00,4.44
2000-04-19 22:00:00,4.44
2000-04-19 23:00:00,4.44
2000-04-20 00:00:00,4.44
2000-04-20 01:00:00,4.44
2000-04-20 02:00:00,4.44
2000-04-20 03:00:00,4.44
2000-04-20 04:00:00,4.44
2000-04-20 05:00:00,4.44
2000-04-20 06:00:00,4.44
2000-04-20 07:00:00,4.45
2000-04-20 08:00:00,4.45
2000-04-20 09:00:00,4.46
2000-04-20 10:00:00,4.47
2000-04-20 11:00:00,4.49
2000-04-20 12:00:00,4.50
2000-04-20 13:00:00,4.52
2000-04-20 14:00:00,4.53
2000-04-20 15:00:00,4.55
2000-04-20 16:00:00,4.56
2000-04-20 17:00:00,4.56
2000-04-20 18:00:00,4.57
2000-04-20 19:00:00,4.58
2000-04-20 20:00:00,4.58
2000-04-20 21:00:00,4.59
2000-04-20 22:00:00,4.59
2000-04-20 23:00:00,4.60
2000-04-21 00:00:00,4.60
2000-04-21 01:00:00,4.60
2000-04-21 02:00:00,4.61
2000-04-21 03:00:00,4.61
2000-04-21 04:00:00,4.61
2000-04-21 05:00:00,4.62
2000-04-21 06:00:00,4.62
2000-04-21 07:00:00,4.62
2000-04-21 08:00:00,4.62
2000-04-21 09:00:00,4.63
2000-04-21 10:00:00,4.63
2000-04-21 11:00:00,4.63
2000-04-21 12:00:00,4.63
2000-04-21 13:00:00,4.63
2000-04-21 14:00:00,4.63
2000-04-21 15:00:00,4.63
2000-04-21 16:00:00,4.63
2000-04-21 17:00:00,4.63
2000-04-21 18:00:00,4.63
2000-04-21 19:00:00,4.63
2000-04-21 20:00:00,4.63
2000-04-21 21:00:00,4.63
2000-04-21 22:00:00,4.63
2000-04-21 23:00:00,4.64
2000-04-22 00:00:00,4.64
2000-04-22 01:00:00,4.64
2000-04-22 02:00:00,4.64
2000-04-22 03:00:00,4.64
2000-04-22 04:00:00,4.64
2000-04-22 05:00:00,4.64
2000-04-22 06:00:00,4.64
2000-04-22 07:00:00,4.64
2000-04-22 08:00:00,4.64
2000-04-22 09:00:00,4.64
2000-04-22 10:00:00,4.64
2000-04-22 11:00:00,4.64
2000-04-22 12:00:00,4.64
2000-04-22 13:00:00,4.64
2000-04-22 14:00:00,4.64
2000-04-22 15:00:00,4.64
2000-04-22 16:00:00,4.64
2000-04-22 17:00:00,4.63
2000-04-22 18:00:00,4.63
2000-04-22 19:00:00,4.63
2000-04-22 20:00:00,4.63
2000-04-22 21:00:00,4.63
2000-04-22 22:00:00,4.63
2000-04-22 23:00:00,4.63
2000-04-23 00:00:00,4.63
2000-04-23 01:00:00,4.63
2000-04-23 02:00:00,4.63
2000-04-23 03:00:00,4.63
2000-04-23 04:00:00,4.63
2000-04-23 05:00:00,4.63
2000-04-23 06:00:00,4.63
2000-04-23 07:00:00,4.63
2000-04-23 08:00:00,4.63
2000-04-23 09:00:00,4.63
2000-04-23 10:00:00,4.62
2000-04-23 11:00:00,4.62
2000-04-23 12:00:00,4.62
2000-04-23 13:00:00,4.62
2000-04-23 14:00:00,4.62
2000-04-23 15:00:00,4.61
2000-04-23 16:00:00,4.61
2000-04-23 17:00:00,4.61
2000-04-23 18:00:00,4.61
2000-04-23 19:00:00,4.61
2000-04-23 20:00:00,4.61
2000-04-23 21:00:00,4.61
2000-04-23 22:00:00,4.60
2000-04-23 23:00:00,4.60
2000-04-24 00:00:00,4.60
2000-04-24 01:00:00,4.60
2000-04-24 02:00:00,4.60
2000-04-24 03:00:00,4.60
2000-04-24 04:00:00,4.60
2000-04-24 05:00:00,4.60
2000-04-24 06:00:00,4.60
2000-04-24 07:00:00,4.60
2000-04-24 08:00:00,4.60
2000-04-24 09:00:00,4.60
2000-04-24 10:00:00,4.59
2000-04-24 11:00:00,4.59
2000-04-24 12:00:00,4.59
2000-04-24 13:00:00,4.59
2000-04-24 14:00:00,4.58
2000-04-24 15:00:00,4.58
2000-04-24 16:00:00,4.58
2000-04-24 17:00:00,4.58
2000-04-24 18:00:00,4.57
2000-04-24 19:00:00,4.57
2000-04-24 20:00:00,4.57
2000-04-24 21:00:00,4.57
2000-04-24 22:00:00,4.57
2000-04-24 23:00:00,4.57
2000-04-25 00:00:00,4.57
2000-04-25 01:00:00,4.57
2000-04-25 02:00:00,4.57
2000-04-25 03:00:00,4.57
2000-04-25 04:00:00,4.57
2000-04-25 05:00:00,4.57
2000-04-25 06:00:00,4.57
2000-04-25 07:00:00,4.57
2000-04-25 08:00:00,4.56
2000-04-25 09:00:00,4.56
2000-04-25 10:00:00,4.56
2000-04-25 11:00:00,4.56
2000-04-25 12:00:00,4.56
2000-04-25 13:00:00,4.55
2000-04-25 14:00:00,4.55
2000-04-25 15:00:00,4.54
2000-04-25 16:00:00,4.54
2000-04-25 17:00:00,4.53
2000-04-25 18:00:00,4.53
2000-04-25 19:00:00,4.53
2000-04-25 20:00:00,4.53
2000-04-25 21:00:00,4.53
2000-04-25 22:00:00,4.53
2000-04-25 23:00:00,4.53
2000-04-26 00:00:00,4.53
2000-04-26 01:00:00,4.52
2000-04-26 02:00:00,4.52
2000-04-26 03:00:00,4.52
2000-04-26 04:00:00,4.52
2000-04-26 05:00:00,4.52
2000-04-26 06:00:00,4.52
2000-04-26 07:00:00,4.52
2000-04-26 08:00:00,4.51
2000-04-26 09:00:00,4.51
2000-04-26 10:00:00,4.51
2000-04-26 11:00:00,4.50
2000-04-26 12:00:00,4.50
2000-04-26 13:00:00,4.50
2000-04-26 14:00:00,4.49
2000-04-26 15:00:00,4.49
2000-04-26 16:00:00,4.48
2000-04-26 17:00:00,4.48
2000-04-26 18:00:00,4.47
2000-04-26 19:00:00,4.47
2000-04-26 20:00:00,4.47
2000-04-26 21:00:00,4.46
2000-04-26 22:00:00,4.46
2000-04-26 23:00:00,4.46
2000-04-27 00:00:00,4.46
2000-04-27 01:00:00,4.45
2000-04-27 02:00:00,4.45
2000-04-27 03:00:00,4.45
2000-04-27 04:00:00,4.45
2000-04-27 05:00:00,4.45
2000-04-27 06:00:00,4.44
2000-04-27 07:00:00,4.44
2000-04-27 08:00:00,4.44
2000-04-27 09:00:00,4.43
2000-04-27 10:00:00,4.43
2000-04-27 11:00:00,4.43
2000-04-27 12:00:00,4.42
2000-04-27 13:00:00,4.41
2000-04-27 14:00:00,4.41
2000-04-27 15:00:00,4.40
2000-04-27 16:00:00,4.39
2000-04-27 17:00:00,4.39
2000-04-27 18:00:00,4.38
2000-04-27 19:00:00,4.38
2000-04-27 20:00:00,4.37
2000-04-27 21:00:00,4.37
2000-04-27 22:00:00,4.37
2000-04-27 23:00:00,4.36
2000-04-28 00:00:00,4.36
2000-04-28 01:00:00,4.36
2000-04-28 02:00:00,4.35
2000-04-28 03:00:00,4.35
2000-04-28 04:00:00,4.35
2000-04-28 05:00:00,4.34
2000-04-28 06:00:00,4.34
2000-04-28 07:00:00,4.34
2000-04-28 08:00:00,4.34
2000-04-28 09:00:00,4.33
2000-04-28 10:00:00,4.33
2000-04-28 11:00:00,4.32
2000-04-28 12:00:00,4.32
2000-04-28 13:00:00,4.31
2000-04-28 14:00:00,4.30
2000-04-28 15:00:00,4.29
2000-04-28 16:00:00,4.28
2000-04-28 17:00:00,4.27
2000-04-28 18:00:00,4.27
2000-04-28 19:00:00,4.26
2000-04-28 20:00:00,4.26
2000-04-28 21:00:00,4.25
2000-04-28 22:00:00,4.24
2000-04-28 23:00:00,4.24
2000-04-29 00:00:00,4.23
2000-04-29 01:00:00,4.23
2000-04-29 02:00:00,4.23
2000-04-29 03:00:00,4.22
2000-04-29 04:00:00,4.22
2000-04-29 05:00:00,4.21
2000-04-29 06:00:00,4.21
2000-04-29 07:00:00,4.21
2000-04-29 08:00:00,4.20
2000-04-29 09:00:00,4.20
2000-04-29 10:00:00,4.19
2000-04-29 11:00:00,4.19
2000-04-29 12:00:00,4.18
2000-04-29 13:00:00,4.17
2000-04-29 14:00:00,4.16
2000-04-29 15:00:00,4.15
2000-04-29 16:00:00,4.14
2000-04-29 17:00:00,4.13
2000-04-29 18:00:00,4.12
2000-04-29 19:00:00,4.12
2000-04-29 20:00:00,4.11
2000-04-29 21:00:00,4.11
2000-04-29 22:00:00,4.10
2000-04-29 23:00:00,4.09
2000-04-30 00:00:00,4.09
2000-04-30 01:00:00,4.09
2000-04-30 02:00:00,4.08
2000-04-30 03:00:00,4.08
2000-04-30 04:00:00,4.08
2000-04-30 05:00:00,4.07
2000-04-30 06:00:00,4.07
2000-04-30 07:00:00,4.07
2000-04-30 08:00:00,4.06
2000-04-30 09:00:00,4.06
2000-04-30 10:00:00,4.05
2000-04-30 11:00:00,4.04
2000-04-30 12:00:00,4.04
2000-04-30 13:00:00,4.03
2000-04-30 14:00:00,4.02
2000-04-30 15:00:00,4.01
2000-04-30 16:00:00,4.00
2000-04-30 17:00:00,3.99
2000-04-30 18:00:00,3.98
2000-04-30 19:00:00,3.97
2000-04-30 20:00:00,3.97
2000-04-30 21:00:00,3.96
2000-04-30 22:00:00,3.95
2000-04-30 23:00:00,3.95
2000-05-01 00:00:00,3.95
2000-05-01 01:00:00,3.94
2000-05-01 02:00:00,3.94
2000-05-01 03:00:00,3.93
2000-05-01 04:00:00,3.93
2000-05-01 05:00:00,3.93
2000-05-01 06:00:00,3.93
2000-05-01 07:00:00,3.92
2000-05-01 08:00:00,3.92
2000-05-01 09:00:00,3.92
2000-05-01 10:00:00,3.91
2000-05-01 11:00:00,3.90
2000-05-01 12:00:00,3.90
2000-05-01 13:00:00,3.89
2000-05-01 14:00:00,3.88
2000-05-01 15:00:00,3.87
2000-05-01 16:00:00,3.86
2000-05-01 17:00:00,3.85
2000-05-01 18:00:00,3.85
2000-05-01 19:00:00,3.84
2000-05-01 20:00:00,3.84
2000-05-01 21:00:00,3.83
2000-05-01 22:00:00,3.83
2000-05-01 23:00:00,3.82
2000-05-02 00:00:00,3.82
2000-05-02 01:00:00,3.82
2000-05-02 02:00:00,3.82
2000-05-02 03:00:00,3.81
2000-05-02 04:00:00,3.81
2000-05-02 05:00:00,3.81
2000-05-02 06:00:00,3.81
2000-05-02 07:00:00,3.80
2000-05-02 08:00:00,3.80
2000-05-02 09:00:00,3.80
2000-05-02 10:00:00,3.80
2000-05-02 11:00:00,3.79
2000-05-02 12:00:00,3.78
2000-05-02 13:00:00,3.77
2000-05-02 14:00:00,3.77
2000-05-02 15:00:00,3.76
2000-05-02 16:00:00,3.75
2000-05-02 17:00:00,3.74
2000-05-02 18:00:00,3.74
2000-05-02 19:00:00,3.73
2000-05-02 20:00:00,3.73
2000-05-02 21:00:00,3.73
2000-05-02 22:00:00,3.72
2000-05-02 23:00:00,3.72
2000-05-03 00:00:00,3.72
2000-05-03 01:00:00,3.71
2000-05-03 02:00:00,3.71
2000-05-03 03:00:00,3.71
2000-05-03 04:00:00,3.71
2000-05-03 05:00:00,3.71
2000-05-03 06:00:00,3.71
2000-05-03 07:00:00,3.71
2000-05-03 08:00:00,3.70
2000-05-03 09:00:00,3.70
2000-05-03 10:00:00,3.70
2000-05-03 11:00:00,3.69
2000-05-03 12:00:00,3.69
2000-05-03 13:00:00,3.68
2000-05-03 14:00:00,3.67
2000-05-03 15:00:00,3.66
2000-05-03 16:00:00,3.65
2000-05-03 17:00:00,3.65
2000-05-03 18:00:00,3.64
2000-05-03 19:00:00,3.64
2000-05-03 20:00:00,3.64
2000-05-03 21:00:00,3.63
2000-05-03 22:00:00,3.63
2000-05-03 23:00:00,3.62
2000-05-04 00:00:00,3.62
2000-05-04 01:00:00,3.62
2000-05-04 02:00:00,3.62
2000-05-04 03:00:00,3.62
2000-05-04 04:00:00,3.61
2000-05-04 05:00:00,3.61
2000-05-04 06:00:00,3.61
2000-05-04 07:00:00,3.61
2000-05-04 08:00:00,3.61
2000-05-04 09:00:00,3.60
2000-05-04 10:00:00,3.60
2000-05-04 11:00:00,3.60
2000-05-04 12:00:00,3.59
2000-05-04 13:00:00,3.58
2000-05-04 14:00:00,3.58
2000-05-04 15:00:00,3.57
2000-05-04 16:00:00,3.56
2000-05-04 17:00:00,3.56
2000-05-04 18:00:00,3.55
2000-05-04 19:00:00,3.55
2000-05-04 20:00:00,3.55
2000-05-04 21:00:00,3.54
2000-05-04 22:00:00,3.54
2000-05-04 23:00:00,3.53
2000-05-05 00:00:00,3.53
2000-05-05 01:00:00,3.53
2000-05-05 02:00:00,3.53
2000-05-05 03:00:00,3.53
2000-05-05 04:00:00,3.53
2000-05-05 05:00:00,3.52
2000-05-05 06:00:00,3.52
2000-05-05 07:00:00,3.52
2000-05-05 08:00:00,3.52
2000-05-05 09:00:00,3.51
2000-05-05 10:00:00,3.51
2000-05-05 11:00:00,3.51
2000-05-05 12:00:00,3.50
2000-05-05 13:00:00,3.49
2000-05-05 14:00:00,3.48
2000-05-05 15:00:00,3.47
2000-05-05 16:00:00,3.47
2000-05-05 17:00:00,3.46
2000-05-05 18:00:00,3.46
2000-05-05 19:00:00,3.45
2000-05-05 20:00:00,3.45
2000-05-05 21:00:00,3.44
2000-05-05 22:00:00,3.44
2000-05-05 23:00:00,3.44
2000-05-06 00:00:00,3.43
2000-05-06 01:00:00,3.43
2000-05-06 02:00:00,3.43
2000-05-06 03:00:00,3.43
2000-05-06 04:00:00,3.43
2000-05-06 05:00:00,3.43
2000-05-06 06:00:00,3.43
2000-05-06 07:00:00,3.43
2000-05-06 08:00:00,3.42
2000-05-06 09:00:00,3.42
2000-05-06 10:00:00,3.42
2000-05-06 11:00:00,3.42
2000-05-06 12:00:00,3.41
2000-05-06 13:00:00,3.40
2000-05-06 14:00:00,3.40
2000-05-06 15:00:00,3.39
2000-05-06 16:00:00,3.39
2000-05-06 17:00:00,3.38
2000-05-06 18:00:00,3.38
2000-05-06 19:00:00,3.38
2000-05-06 20:00:00,3.37
2000-05-06 21:00:00,3.37
2000-05-06 22:00:00,3.37
2000-05-06 23:00:00,3.36
2000-05-07 00:00:00,3.36
2000-05-07 01:00:00,3.36
2000-05-07 02:00:00,3.36
2000-05-07 03:00:00,3.36
2000-05-07 04:00:00,3.36
2000-05-07 05:00:00,3.35
2000-05-07 06:00:00,3.35
2000-05-07 07:00:00,3.35
2000-05-07 08:00:00,3.35
2000-05-07 09:00:00,3.35
2000-05-07 10:00:00,3.35
2000-05-07 11:00:00,3.34
2000-05-07 12:00:00,3.34
2000-05-07 13:00:00,3.33
2000-05-07 14:00:00,3.33
2000-05-07 15:00:00,3.32
2000-05-07 16:00:00,3.32
2000-05-07 17:00:00,3.32
2000-05-07 18:00:00,3.31
2000-05-07 19:00:00,3.31
2000-05-07 20:00:00,3.31
2000-05-07 21:00:00,3.30
2000-05-07 22:00:00,3.30
2000-05-07 23:00:00,3.30
2000-05-08 00:00:00,3.30
2000-05-08 01:00:00,3.30
2000-05-08 02:00:00,3.29
2000-05-08 03:00:00,3.29
2000-05-08 04:00:00,3.29
2000-05-08 05:00:00,3.29
2000-05-08 06:00:00,3.29
2000-05-08 07:00:00,3.29
2000-05-08 08:00:00,3.28
2000-05-08 09:00:00,3.28
2000-05-08 10:00:00,3.28
2000-05-08 11:00:00,3.27
2000-05-08 12:00:00,3.27
2000-05-08 13:00:00,3.26
2000-05-08 14:00:00,3.26
2000-05-08 15:00:00,3.25
2000-05-08 16:00:00,3.25
2000-05-08 17:00:00,3.25
2000-05-08 18:00:00,3.24
2000-05-08 19:00:00,3.24
2000-05-08 20:00:00,3.24
2000-05-08 21:00:00,3.24
2000-05-08 22:00:00,3.23
2000-05-08 23:00:00,3.23
2000-05-09 00:00:00,3.23
2000-05-09 01:00:00,3.23
2000-05-09 02:00:00,3.23
2000-05-09 03:00:00,3.22
2000-05-09 04:00:00,3.22
2000-05-09 05:00:00,3.22
2000-05-09 06:00:00,3.22
2000-05-09 07:00:00,3.22
2000-05-09 08:00:00,3.22
2000-05-09 09:00:00,3.22
2000-05-09 10:00:00,3.21
2000-05-09 11:00:00,3.21
2000-05-09 12:00:00,3.20
2000-05-09 13:00:00,3.20
2000-05-09 14:00:00,3.19
2000-05-09 15:00:00,3.18
2000-05-09 16:00:00,3.18
2000-05-09 17:00:00,3.17
2000-05-09 18:00:00,3.17
2000-05-09 19:00:00,3.17
2000-05-09 20:00:00,3.16
2000-05-09 21:00:00,3.16
2000-05-09 22:00:00,3.15
2000-05-09 23:00:00,3.15
2000-05-10 00:00:00,3.15
2000-05-10 01:00:00,3.15
2000-05-10 02:00:00,3.14
2000-05-10 03:00:00,3.14
2000-05-10 04:00:00,3.14
2000-05-10 05:00:00,3.14
2000-05-10 06:00:00,3.14
2000-05-10 07:00:00,3.14
2000-05-10 08:00:00,3.14
2000-05-10 09:00:00,3.13
2000-05-10 10:00:00,3.13
2000-05-10 11:00:00,3.13
2000-05-10 12:00:00,3.12
2000-05-10 13:00:00,3.11
2000-05-10 14:00:00,3.11
2000-05-10 15:00:00,3.10
2000-05-10 16:00:00,3.10
2000-05-10 17:00:00,3.10
2000-05-10 18:00:00,3.16
2000-05-10 19:00:00,3.30
2000-05-10 20:00:00,3.38
2000-05-10 21:00:00,3.42
2000-05-10 22:00:00,3.45
2000-05-10 23:00:00,3.47
2000-05-11 00:00:00,3.49
2000-05-11 01:00:00,3.50
2000-05-11 02:00:00,3.51
2000-05-11 03:00:00,3.52
2000-05-11 04:00:00,3.53
2000-05-11 05:00:00,3.53
2000-05-11 06:00:00,3.54
2000-05-11 07:00:00,3.54
2000-05-11 08:00:00,3.55
2000-05-11 09:00:00,3.55
2000-05-11 10:00:00,3.55
2000-05-11 11:00:00,3.55
2000-05-11 12:00:00,3.55
2000-05-11 13:00:00,3.55
2000-05-11 14:00:00,3.54
2000-05-11 15:00:00,3.53
2000-05-11 16:00:00,3.53
2000-05-11 17:00:00,3.52
2000-05-11 18:00:00,3.52
2000-05-11 19:00:00,3.52
2000-05-11 20:00:00,3.52
2000-05-11 21:00:00,3.51
2000-05-11 22:00:00,3.52
2000-05-11 23:00:00,3.51
2000-05-12 00:00:00,3.51
2000-05-12 01:00:00,3.51
2000-05-12 02:00:00,3.51
2000-05-12 03:00:00,3.51
2000-05-12 04:00:00,3.51
2000-05-12 05:00:00,3.51
2000-05-12 06:00:00,3.51
2000-05-12 07:00:00,3.51
2000-05-12 08:00:00,3.51
2000-05-12 09:00:00,3.51
2000-05-12 10:00:00,3.51
2000-05-12 11:00:00,3.50
2000-05-12 12:00:00,3.49
2000-05-12 13:00:00,3.49
2000-05-12 14:00:00,3.48
2000-05-12 15:00:00,3.47
2000-05-12 16:00:00,3.47
2000-05-12 17:00:00,3.46
2000-05-12 18:00:00,3.46
2000-05-12 19:00:00,3.46
2000-05-12 20:00:00,3.45
2000-05-12 21:00:00,3.45
2000-05-12 22:00:00,3.45
2000-05-12 23:00:00,3.45
2000-05-13 00:00:00,3.45
2000-05-13 01:00:00,3.44
2000-05-13 02:00:00,3.44
2000-05-13 03:00:00,3.44
2000-05-13 04:00:00,3.44
2000-05-13 05:00:00,3.44
2000-05-13 06:00:00,3.44
2000-05-13 07:00:00,3.43
2000-05-13 08:00:00,3.43
2000-05-13 09:00:00,3.43
2000-05-13 10:00:00,3.43
2000-05-13 11:00:00,3.42
2000-05-13 12:00:00,3.42
2000-05-13 13:00:00,3.41
2000-05-13 14:00:00,3.40
2000-05-13 15:00:00,3.40
2000-05-13 16:00:00,3.39
2000-05-13 17:00:00,3.39
2000-05-13 18:00:00,3.38
2000-05-13 19:00:00,3.38
2000-05-13 20:00:00,3.38
2000-05-13 21:00:00,3.38
2000-05-13 22:00:00,3.37
2000-05-13 23:00:00,3.37
2000-05-14 00:00:00,3.37
2000-05-14 01:00:00,3.37
2000-05-14 02:00:00,3.37
2000-05-14 03:00:00,3.37
2000-05-14 04:00:00,3.37
2000-05-14 05:00:00,3.36
2000-05-14 06:00:00,3.36
2000-05-14 07:00:00,3.36
2000-05-14 08:00:00,3.35
2000-05-14 09:00:00,3.35
2000-05-14 10:00:00,3.35
2000-05-14 11:00:00,3.35
2000-05-14 12:00:00,3.35
2000-05-14 13:00:00,3.34
2000-05-14 14:00:00,3.33
2000-05-14 15:00:00,3.32
2000-05-14 16:00:00,3.32
2000-05-14 17:00:00,3.31
2000-05-14 18:00:00,3.30
2000-05-14 19:00:00,3.30
2000-05-14 20:00:00,3.30
2000-05-14 21:00:00,3.29
2000-05-14 22:00:00,3.29
2000-05-14 23:00:00,3.29
2000-05-15 00:00:00,3.29
2000-05-15 01:00:00,3.29
2000-05-15 02:00:00,3.28
2000-05-15 03:00:00,3.28
2000-05-15 04:00:00,3.28
2000-05-15 05:00:00,3.28
2000-05-15 06:00:00,3.28
2000-05-15 07:00:00,3.28
2000-05-15 08:00:00,3.28
2000-05-15 09:00:00,3.28
2000-05-15 10:00:00,3.27
2000-05-15 11:00:00,3.27
2000-05-15 12:00:00,3.26
2000-05-15 13:00:00,3.25
2000-05-15 14:00:00,3.25
2000-05-15 15:00:00,3.24
2000-05-15 16:00:00,3.26
2000-05-15 17:00:00,3.26
2000-05-15 18:00:00,3.27
2000-05-15 19:00:00,3.26
2000-05-15 20:00:00,3.26
2000-05-15 21:00:00,3.26
2000-05-15 22:00:00,3.26
2000-05-15 23:00:00,3.26
2000-05-16 00:00:00,3.26
2000-05-16 01:00:00,3.26
2000-05-16 02:00:00,3.26
2000-05-16 03:00:00,3.26
2000-05-16 04:00:00,3.26
2000-05-16 05:00:00,3.26
2000-05-16 06:00:00,3.26
2000-05-16 07:00:00,3.26
2000-05-16 08:00:00,3.25
2000-05-16 09:00:00,3.25
2000-05-16 10:00:00,3.25
2000-05-16 11:00:00,3.25
2000-05-16 12:00:00,3.24
2000-05-16 13:00:00,3.23
